,Start,Sequence,Length,MeltTemps
0,0[55],GCTATCTTTGCTGAATATAATACCCAA,27,53.3
1,0[99],AATTAATGAAACTAAAGT,18,37.7
2,1[5],AACTAACGGGACGCCAAAAGG,21,57.9
3,1[24],TTACAGGTAGAGTTCAATCTATCATAAATAGGAGACTG,38,58.2
4,1[55],CAGTCAAAAACAAAG,15,38.3
5,1[73],TATGTAGATTAAACCCTCTTGCGGAAAG,28,56.6
6,2[17],ACAAAACAACACTACGTTAATAAAACG,27,53.0
7,2[38],CCAAAAGATTCTCCGACGTTGGGAGTGCGGATGGCTT,37,68.4
8,2[52],CGGGAGCAAGGATAAAAA,18,49.8
9,2[57],AAGGC,5,0.0
10,2[95],CCTGAGTAATGTGTAGGTTATATTCACGTAGCTATTTTTTCTCAAC,46,61.3
11,3[2],AATTACGAGGCACAAGAAGTTTTG,24,54.2
12,3[63],TTTTTAGAAAAGGGTGAGA,19,45.9
13,4[21],CTTTTGCATAGTAAGAGCAACACAATGCAGAT,32,59.4
14,4[42],AAAAACCAAACCCTCGTTTACCCTTAGGAATA,32,59.7
15,4[57],TTCAACGAGTGCGGAATCCCTCAGAGCATATGAAGCCTTTAT,42,66.5
16,4[95],TTATGACCCTGTAATACTTATATATTTTAAATGCAATG,38,55.0
17,5[2],CCAGAGGGGGTAATAGTAAAACAGTTCAGAA,31,59.3
18,5[34],GATAGCGTGAATCCACAGGTCTCATTGCAGAGCTTCAAAGCGA,43,67.6
19,5[73],CTAAATCGGTTTGAATTAAATAGTATTTTTCCACCAT,37,56.7
20,6[25],CTTTAAATGTTTTAGAGG,18,39.8
21,6[60],AAGGTATAGGTGGCATCAATTCTACTCCAAAATTAAGCAATA,42,61.4
22,6[102],AATCATACAGGCAAGGCATGTACCAAAAACA,31,60.6
23,7[9],AACGAGAATGACAGGAAGCCCGAA,24,60.5
24,7[50],ACTATTTATAAATATTCATCCCAATACAACGAT,33,53.7
25,8[68],GCGAGCTGAAAAGCGAACGAGT,22,60.3
26,8[102],CAATAACCTGTTTAGCTATGTAGCATTAACATCCAATA,38,58.4
27,9[9],AGACTTCAAATATCGCGTTTATTAGCTCATTTTTAAAAATTTA,43,58.4
28,9[49],ACCAGTGTCAGAAGCAAAGCTTTACCCTG,29,62.2
29,9[65],AGATTTGTTGACGCTGTAGAGAGATCTCACCATCAA,36,62.6
30,9[82],TAGATACATAGAAGTAAATATGCGGGAGACACCGTTCTAGCTGATA,46,63.5
31,10[35],CAGGTCATTTAATTCTCAAAAAGATTAAACATAAATCAAAAATACTCAAATG,52,59.6
32,10[56],TTCACCGGAAGCAAGAGCTTAAAGTCATTATCAGTTGAGAGA,42,64.2
33,10[99],ACGGTGTCTTTCGCAAATGGT,21,57.6
34,11[5],TCCTTTTGATAAGAGGGAGTACCTTTAATTGC,32,58.3
35,11[40],AGATCCAA,8,10.6
36,11[76],ATGTTTTATCATTCCATATAAATAGTTTGTTTGGGGC,37,58.1
